{
    "curl de femorales": {
        "r1": 16.0,
        "w1": 3.3749999999999996,
        "r2": 12.0,
        "w2": 3.5,
        "r3": 12.0,
        "w3": 3.5,
        "r4": 8.0,
        "w4": 3.625
    },
    "sillon de abeductores": {
        "r1": 16.0,
        "w1": 6.749999999999999,
        "r2": 12.0,
        "w2": 7.0,
        "r3": 12.0,
        "w3": 7.0,
        "r4": 8.0,
        "w4": 7.25
    },
    "peso muerto": {
        "r1": 7.0,
        "w1": 100.75,
        "r2": 5.0,
        "w2": 104.0,
        "r3": 5.0,
        "w3": 104.0,
        "r4": 3.0,
        "w4": 107.25000000000001
    },
    "patadas laterales": {
        "r1": 16.0,
        "w1": 1.3499999999999999,
        "r2": 12.0,
        "w2": 1.4,
        "r3": 12.0,
        "w3": 1.4,
        "r4": 8.0,
        "w4": 1.45
    },
    "hip thrust": {
        "r1": 16.0,
        "w1": 53.99999999999999,
        "r2": 12.0,
        "w2": 56.0,
        "r3": 12.0,
        "w3": 56.0,
        "r4": 8.0,
        "w4": 58.0
    },
    "pantorillas": {
        "r1": 16.0,
        "w1": 6.749999999999999,
        "r2": 12.0,
        "w2": 7.0,
        "r3": 12.0,
        "w3": 7.0,
        "r4": 8.0,
        "w4": 7.25
    }
}