{
    "pecho plano": {
        "r1": 9.0,
        "w1": 74.24999999999999,
        "r2": 7.0,
        "w2": 77.0,
        "r3": 7.0,
        "w3": 77.0,
        "r4": 5.0,
        "w4": 79.75
    },
    "pecho inclinado": {
        "r1": 12.0,
        "w1": 11.5,
        "r2": 16.0,
        "w2": 12.0,
        "r3": 16.0,
        "w3": 12.0,
        "r4": 20.0,
        "w4": 12.5
    },
    "fondos": {
        "r1": 12.0,
        "w1": 11.5,
        "r2": 16.0,
        "w2": 12.0,
        "r3": 16.0,
        "w3": 12.0,
        "r4": 20.0,
        "w4": 12.5
    },
    "flexiones": {
        "r1": 12.0,
        "w1": 0.0,
        "r2": 16.0,
        "w2": 0.0,
        "r3": 16.0,
        "w3": 0.0,
        "r4": 20.0,
        "w4": 0.0
    },
    "aperturas": {
        "r1": 12.0,
        "w1": 3.4499999999999997,
        "r2": 16.0,
        "w2": 3.5999999999999996,
        "r3": 16.0,
        "w3": 3.5999999999999996,
        "r4": 20.0,
        "w4": 3.75
    },
    "triceps W": {
        "r1": 12.0,
        "w1": 8.625,
        "r2": 16.0,
        "w2": 9.0,
        "r3": 16.0,
        "w3": 9.0,
        "r4": 20.0,
        "w4": 9.375
    },
    "extension triceps": {
        "r1": 12.0,
        "w1": 1.15,
        "r2": 16.0,
        "w2": 1.2,
        "r3": 16.0,
        "w3": 1.2,
        "r4": 20.0,
        "w4": 1.25
    }
}